n_beats,mean_hr_bpm,sdnn_s,rmssd_s
36,72.39992338632446,0.1098972560561973,0.0756147643823122
